source,author,upvotes_normalized,leader_name,leader_name_normalized,mention_text
im_a_noob_can_you_describe_all_civ_personalities,PeanutButter1Butter,1.36,Portugal,MariaI,"Some of them I can't personally verify because I usually spawn far away from them, like Portugal."
im_a_noob_can_you_describe_all_civ_personalities,PeanutButter1Butter,1.36,Askia,Askia,"For example, Askia liking to repeatedly send missionaries or Poland being a warmonger against me."
im_a_noob_can_you_describe_all_civ_personalities,PeanutButter1Butter,1.36,Poland,Casimir,"For example, Askia liking to repeatedly send missionaries or Poland being a warmonger against me."
im_a_noob_can_you_describe_all_civ_personalities,Robdd123,1.01,Shaka,Shaka,For example on a scale of 1-10 Shaka has an expansion score of 11 (legit) so he'll spam a ton of cities. However he also has one of the highest warmonger flavors so is he a war monger or city spammer?
im_a_noob_can_you_describe_all_civ_personalities,Whotakesmename,0.3,Shaka,Shaka,Shaka - He's Shaka
most_annoying_civ_in_the_game,KalegNar,2.52,Alexander,Alexander,"Alexander the Great. That bastard. The first couple times I saw him, he was a minor power without any capability compared to the other countries. Right after that, Alexander attacked, rushing me with hoplites and companion cavalry. He also had to ally with the city-state to my capital's immediate West, destroying my trade route and harrassing that front while he came from the East. Then, despite the very clear natural borders of our regions, he sends a settler over on my side of the landbridge. What does Alex do? ""Those troops inside your border are too close to my border. You want a war?"" Well fuck him. Why not? I'll admit I was quite glad to see him give up city after city in the peace accords over the next 4/5 wars that ensued over that. When I saw his defeat screen, I celebrated."
most_annoying_civ_in_the_game,[deleted],1.36,Alexander,Alexander,"Alexander was my immediate answer too, but for a different reason. When the world Congress rolls around, he usually has enough CS allies to unilaterally bully anybody he likes. If you're doing well for yourself, he *will* single you out. He'll embargo you. Ban your main cash crop. Vote for arts funding when you need science. But when *one guy* can fuck you over so easily, it's just so annoying. This has led me to always attempt to exterminate Alexander before the world congress, diplomatic penalties be damned."
most_annoying_civ_in_the_game,Crit-Monkey,1.19,Alexander,Alexander,Alexander is the reason I play with diplomatic victory disabled
most_annoying_civ_in_the_game,Muffjuggler1295,2.07,Shaka,Shaka,Shaka. If he's nearby.
most_annoying_civ_in_the_game,Muffjuggler1295,2.07,Haile Selassie,Selassie,Otherwise maybe Ethiopia.
most_annoying_civ_in_the_game,2woke4ufgt,1.36,Shaka,Shaka,At least Shaka will give you lots of great general points and unit experience.
most_annoying_civ_in_the_game,Doctor_Croc,1.59,Haile Selassie,Selassie,"I honestly hate playing against Ethiopia, Haile Selassie's AI is so annoying. Spams missionaries and prophets nonstop, always covetous of your wonders, just generally really pissy if you do anything aside from peacefully turtling all game."
most_annoying_civ_in_the_game,hawkseye17,1.9,Hiawatha,Hiawatha,Hiawatha due to city spam
most_annoying_civ_in_the_game,hawkseye17,1.9,Ramkhamhaeng,Ramkhamhaeng,Ramkhamhaeng as a close second due to constantly spying on me
most_annoying_civ_in_the_game,RedBaronKaren,1.82,Alexander,Alexander,Every time I see one of these it's amazing just watching everyone agree that Alexander is a giant fucking douche.
most_annoying_civ_in_the_game,Robdd123,1.75,Dido,Dido,"Dido is super annoying if she's close; I don't know what the programmers did to her AI but it's completely unhinged. She'll declare war, then ask for friendship, backstab you and then denounce you."
most_annoying_civ_in_the_game,Robdd123,1.75,Hiawatha,Hiawatha,"Out of that list hiawatha is definitely the most annoying. Hiawatha spams everywhere, any available piece of land is fair game. Then you have to go through about 6 of his crappy cities just to get to his capital and since they're all so close two cities can bombard your units at once."
most_annoying_civ_in_the_game,Robdd123,1.75,Boudicca,Boudicca,Boudicca usually gets beat up on by other civs after the early game.
most_annoying_civ_in_the_game,Robdd123,1.75,Haile Selassie,Selassie,Ethiopia usually just tries to turtle.
most_annoying_civ_in_the_game,Robdd123,1.75,Sejong,Sejong,Korea is major threat rather than an annoyance.
most_annoying_civ_in_the_game,Robdd123,1.75,Ramkhamhaeng,Ramkhamhaeng,"RamkamTrollface will spam too but it'll just be his usual ""plant a city 3 tiles away from your capital"" strat."
most_annoying_civ_in_the_game,Robdd123,1.75,Alexander,Alexander,Greece is that odd combination of being a major threat and being a major annoyance at the same time. Alex can completely spiral out of control past the mid game but his tendency to hog all of the city states makes things very annoying going into the world congress.
most_annoying_civ_in_the_game,Robdd123,1.75,Enrico Dandolo,EnricoDandolo,One other honorable mention is Venice simply because once they buy a city state it's lost forever; even if you take the city you can't ever liberate. Also he's a wonder spamming bitch.
most_annoying_civ_in_the_game,XxDiCaprioxX,0.71,Dido,Dido,"I played a game as Denmark today and had her as my neighbour. She was currently trying to get me to declare war on someone with her while being friends with that person at the same time, then get hammered and make peace, then bully my city states, then declare war on me, lose, make peace and denounce me. Was a pleasure to finally take her out."
most_annoying_civ_in_the_game,KrandoxReddit,1.59,Hiawatha,Hiawatha,Hiawatha spams cities everywhere
most_annoying_civ_in_the_game,KrandoxReddit,1.59,Boudicca,Boudicca,Boudicca spams missionaries everywhere
most_annoying_civ_in_the_game,KrandoxReddit,1.59,Ramkhamhaeng,Ramkhamhaeng,Ramkhamhaeng is just a bitch
most_annoying_civ_in_the_game,KrandoxReddit,1.59,Haile Selassie,Selassie,Haile Selassie is like Boudicca but a bit less annoying
most_annoying_civ_in_the_game,KrandoxReddit,1.59,Korea,Sejong,Korea aint much of a problem most of the time tbh
most_annoying_civ_in_the_game,[deleted],1.07,Korea,Sejong,"Usually two things happen to Korea - he either gets taken out by a warmonger, or he becomes a monster in the late game. If Korea is your neighbor I'd kill him with xBows, because in the late game he goes crazy with science and his personality turns into that of Shaka's."
most_annoying_civ_in_the_game,[deleted],1.07,Shaka,Shaka,in the late game he goes crazy with science and his personality turns into that of Shaka's.
most_annoying_civ_in_the_game,flyfire2002,1.36,Greece,Alexander,"Greece, good luck being their neighbors, not to mention the city state snatching."
most_annoying_civ_in_the_game,flyfire2002,1.36,Inca,Pachacuti,"Inca, somehow if they are not properly checked, can get super scary with both high tech (war tech, not even necessarily a cultural rush) and tourism"
most_annoying_civ_in_the_game,2woke4ufgt,1.36,Haile Selassie,Selassie,For me it's Haile Selassie. I'm pretty sure he's been in 11 of the last 12 games I've played and he ALWAYS ruins my Religious Community in the late game with his shitty religion.
most_annoying_civ_in_the_game,wyvernzu1,1.28,The Netherlands,William,"The Netherlands, Arabia, Morocco, Sweden, Ethiopia, The Maya, Brazil"
most_annoying_civ_in_the_game,wyvernzu1,1.28,Arabia,HarunAlRashid,"The Netherlands, Arabia, Morocco, Sweden, Ethiopia, The Maya, Brazil"
most_annoying_civ_in_the_game,wyvernzu1,1.28,Morocco,AhmadalMansur,"The Netherlands, Arabia, Morocco, Sweden, Ethiopia, The Maya, Brazil"
most_annoying_civ_in_the_game,wyvernzu1,1.28,Sweden,Gustavus,"The Netherlands, Arabia, Morocco, Sweden, Ethiopia, The Maya, Brazil"
most_annoying_civ_in_the_game,wyvernzu1,1.28,Ethiopia,Selassie,"The Netherlands, Arabia, Morocco, Sweden, Ethiopia, The Maya, Brazil"
most_annoying_civ_in_the_game,wyvernzu1,1.28,The Maya,Pacal,"The Netherlands, Arabia, Morocco, Sweden, Ethiopia, The Maya, Brazil"
most_annoying_civ_in_the_game,wyvernzu1,1.28,Brazil,Pedro,"The Netherlands, Arabia, Morocco, Sweden, Ethiopia, The Maya, Brazil"
most_annoying_civ_in_the_game,wyvernzu1,1.28,The Zulu,Shaka,"The Zulu, Greece, The Iroquois, England, The Shoshone, Polynesia, Venice"
most_annoying_civ_in_the_game,wyvernzu1,1.28,Greece,Alexander,"The Zulu, Greece, The Iroquois, England, The Shoshone, Polynesia, Venice"
most_annoying_civ_in_the_game,wyvernzu1,1.28,The Iroquois,Hiawatha,"The Zulu, Greece, The Iroquois, England, The Shoshone, Polynesia, Venice"
most_annoying_civ_in_the_game,wyvernzu1,1.28,England,Elizabeth,"The Zulu, Greece, The Iroquois, England, The Shoshone, Polynesia, Venice"
most_annoying_civ_in_the_game,wyvernzu1,1.28,The Shoshone,Pocatello,"The Zulu, Greece, The Iroquois, England, The Shoshone, Polynesia, Venice"
most_annoying_civ_in_the_game,wyvernzu1,1.28,Polynesia,Kamehameha,"The Zulu, Greece, The Iroquois, England, The Shoshone, Polynesia, Venice"
most_annoying_civ_in_the_game,wyvernzu1,1.28,Venice,EnricoDandolo,"The Zulu, Greece, The Iroquois, England, The Shoshone, Polynesia, Venice"
most_annoying_civ_in_the_game,iamchuckdizzle,1.28,Venice,EnricoDandolo,"Venice is kind of a two-edged sword. Yeah they buy city states, but they also can give you free real estate."
most_annoying_civ_in_the_game,DebilWG,1.28,Attila,Attila,"If you dont restart right away, he ruins your whole early game, you need to build army instead of infrastructure, workers or wonders or else you get early rushed. If you survive his early gane attacks you have been left behind by other civs and Attila forward settles you 24/7. You still need to build army because he WILL attack you atleast once in 25 turns throughout the whole game and then makes peace and repeat after another 25 turns."
most_annoying_civ_in_the_game,civnub,1.07,Attila,Attila,Attila the hun : Other civs expanding/teching up/getting religion/wonders/trade? Nope you have to spend 5000 production on an army and get ready for those rams and donkey archers. Having him as a neighbor is like sitting on a thorn.
most_annoying_civ_in_the_game,CMDR_black_vegetable,0.92,Maya,Pacal,"They have a bias to going theology, so he usually builds the religious wonders that I also want, and on the way there he steals Oracle as well. Sometimes goes tradition and spams the rest of the wonders as well. Only acceptable as a direct neighbour, since he is quite peaceful so it's relatively easy to steal his workers and his settlers."
most_annoying_civ_in_the_game,White_Lord,1.28,Alexander,Alexander,How can you do a survey like this without Alexander? Never met him?
most_annoying_civ_in_the_game,Chisco202,0.71,George Washington,Washington,Fucking George Washington.
most_annoying_civ_in_the_game,Rameon_Dryan716,0.71,Genghis Khan,GenghisKhan,"I hate Ghengis khan, dude kept spying and getting caught every turn on the longest mode and I couldn't declare war and take his only city because he already went for a peace treaty because I couldn't take his capital atm after I lost everything taking his fountain of youth city."
most_annoying_civ_in_the_game,[deleted],0.92,Genghis,GenghisKhan,What I hate the most about Genghis is his propensity to kill your neighbor cultural city state. But he's not completely bad to have because he's a good target for denouncing to get everyone else to like you (because of his propensity to kill CS)
most_annoying_civ_in_the_game,Rameon_Dryan716,0.36,Askia,Askia,"True, and that was a problem I had with Askia because he can't conquer anyone other than city-states so he just attacks all my friends because he is too far for me to amass my troops without another country trying to sneak up on me"
most_annoying_civ_in_the_game,[deleted],0.92,Askia,Askia,"Askia I've noticed likes to warmonger early and go diplo late game. He, like Korea in my experience is usually boom or bust - he's either the biggest threat to win the game or he gets destroyed and becomes irrelevant"
most_annoying_civ_in_the_game,[deleted],0.92,Korea,Sejong,"He, like Korea in my experience is usually boom or bust - he's either the biggest threat to win the game or he gets destroyed and becomes irrelevant"
most_annoying_civ_in_the_game,[deleted],0.71,Gajah Mada,GajahMada,"INDONESIA. Punchable face, and a deceptive warmonger who hates warmongers. The Civ 5 AI equivalent of a NiceGuyTM."
most_annoying_civ_in_the_game,[deleted],0.71,Oda,OdaNobunaga,Close 2nd is Oda - he's just a plain psychopath - imo he's even harder to deal with than Shaka or Atilla
most_annoying_civ_in_the_game,[deleted],0.71,Shaka,Shaka,imo he's even harder to deal with than Shaka or Atilla
most_annoying_civ_in_the_game,[deleted],0.71,Attila,Attila,imo he's even harder to deal with than Shaka or Atilla
most_annoying_civ_in_the_game,jorgepinata,0.71,Pocatello,Pocatello,"Personality-wise, he's a bro, and while I love having him in a game, if he's my closest neighbor I will reroll. Especially on Deity, his UA eats up so much territory before I can even think about making a settler that the game is often over before it begins."
most_annoying_civ_in_the_game,2woke4ufgt,0.71,Pocatello,Pocatello,Pocatello's second settler (on diety) stole all my workable tiles on turn 3.
most_annoying_civ_in_the_game,[deleted],0.71,Alexander,Alexander,Alexander no doubt. Either fucks you through diplomacy or just takes up your civ allies or takes you
most_annoying_civ_in_the_game,tevoibataie,0.71,Alexander,Alexander,"Alexander the Great, no comment."
most_annoying_civ_in_the_game,ruiluth,0.71,Isabella,Isabella,Isabella is always backstabbing me and getting pissy about religion.
most_annoying_civ_in_the_game,Tripredacus-Agent,0.71,Napoleon,Napoleon,"Every time I am playing a game where I am not going to be paying attention to military, and not playing as France, there is France, first civ I meet! And some time later he has musketeers and says my army is a little weak."
most_annoying_civ_in_the_game,CertifiedBreads,0.36,Ramkhamhaeng,Ramkhamhaeng,"Ramkanghang will march an army of prophets into your lands and convert all your cities even after him agreeing not to, the only way to deal with him is total annihilation"
most_annoying_civ_in_the_game,G3llade,0.36,Genghis Khan,GenghisKhan,"Genghis Khan, Ashurbanipal, Maria Theresa. These motherfuckers are always on my game"
most_annoying_civ_in_the_game,G3llade,0.36,Ashurbanipal,Ashurbanipal,"Genghis Khan, Ashurbanipal, Maria Theresa. These motherfuckers are always on my game, especially Ashurbanipal."
most_annoying_civ_in_the_game,G3llade,0.36,Maria Theresa,Maria,Maria Theresa. These motherfuckers are always on my game. Today in an emperor game Austria decided to marry with like 4 city states.
most_annoying_civ_in_the_game,SaveEmailB4Logout,0.36,Isabella,Isabella,"She doesn't spam prophets or missionaries if you don't spam yours so you only need to balance her natural pressure against your own and that's that, unlike Isabella or Theodora."
most_annoying_civ_in_the_game,SaveEmailB4Logout,0.36,Theodora,Theodora,"She doesn't spam prophets or missionaries if you don't spam yours so you only need to balance her natural pressure against your own and that's that, unlike Isabella or Theodora. Basically, she is programmed to not step on your toes if you don't step on hers but unlike Theodora or Napoleon she won't forgive you if you do."
most_annoying_civ_in_the_game,SaveEmailB4Logout,0.36,Napoleon,Napoleon,"Basically, she is programmed to not step on your toes if you don't step on hers but unlike Theodora or Napoleon she won't forgive you if you do."
most_annoying_civ_in_the_game,TomHast03,0.36,Indonesia,GajahMada,"I literally had more then 10 times his power, I took all his cities and took his land with 3 great generals. I let him keep his worthless capitol so I could bully more since I already took all other capitals. But the bastard just had to continue mocking me until I nuked him."
which_ai_leaders_do_you_like_and_hate,matthkamis,2.5,Alexander,Alexander,Alexander. Always Alexander.
which_ai_leaders_do_you_like_and_hate,ngshafer,2.31,Enrico Dandolo,EnricoDandolo,If Enrico Dandolo is on the planet ... He ... Will ... DIE!
which_ai_leaders_do_you_like_and_hate,Chookity-poks,1.48,Maria Theresa,Maria,"She and also Maria Theresa of Austria. NO ONE is allowed to F*** with my city-state boys, NO ONE!"
which_ai_leaders_do_you_like_and_hate,Chintek45,1.66,Pedro,Pedro,Pedro. He'll never go to war with you and will always be chill and friendly with you as long as you're not a warmonger.
which_ai_leaders_do_you_like_and_hate,Chintek45,1.66,Gandhi,Gandhi,Gandhi. Also chill and almost always friendly. Never had any issues with him.
which_ai_leaders_do_you_like_and_hate,Chintek45,1.66,Ahmad al-Mansour,AhmadalMansur,"Ahmad al-Mansour. Pretty chill and peaceful guy, never had any issues with him."
which_ai_leaders_do_you_like_and_hate,Chintek45,1.66,Enrico Dandolo,EnricoDandolo,"Enrico Dandolo. Buys every city-state in the vicinity and constantly spams Missionaries. If Venice could settle more than one city, they'd be the most annoying civ in the game."
which_ai_leaders_do_you_like_and_hate,Chintek45,1.66,Alexander,Alexander,"Alexander. Spams cities and always forward-settles you, then steals all of your city-state allies. He will also absolutely go to war with you if he perceives you as weak."
which_ai_leaders_do_you_like_and_hate,Chintek45,1.66,Haile Selassie,Selassie,"Haile Selassie, who immediately maxes out Piety and spends the rest of the game spamming Missionaries and Great Prophets. If he's in the game, he's high on my kill list."
which_ai_leaders_do_you_like_and_hate,Chintek45,1.66,Hiawatha,Hiawatha,"Hiawatha, for obvious reasons."
which_ai_leaders_do_you_like_and_hate,Chintek45,1.66,Harun al-Rashid,HarunAlRashid,"Harun al-Rashid, Casimir and Catherine for their city spam (though nowhere near the level of Hiawatha)."
which_ai_leaders_do_you_like_and_hate,Chintek45,1.66,Casimir,Casimir,"Harun al-Rashid, Casimir and Catherine for their city spam (though nowhere near the level of Hiawatha)."
which_ai_leaders_do_you_like_and_hate,Chintek45,1.66,Catherine,Catherine,"Harun al-Rashid, Casimir and Catherine for their city spam (though nowhere near the level of Hiawatha)."
which_ai_leaders_do_you_like_and_hate,Chintek45,1.66,Washington,Washington,"Washington. Normally chill and friendly, but is a backstabbing turncoat who will absolutely go to war with you if you're weaker than him."
which_ai_leaders_do_you_like_and_hate,Gibs960,1.38,Gandhi,Gandhi,"They asked if I'd go to war with them against Germany. They didn't send a single unit, and the Germans managed to take two of my cities."
which_ai_leaders_do_you_like_and_hate,Experimentzz,1.07,Suleiman,Suleiman,Literally a decade old feud at this point but him and I were friends all throughout the game. He helped me fight off France and was the game bully but he and I were tight. Then randomly backstabbed me around industrial era and I have yet to let it go. I now go out of my way to wipe him out much like everyone here does to Alexander.
which_ai_leaders_do_you_like_and_hate,Experimentzz,1.07,Alexander,Alexander,I now go out of my way to wipe him out much like everyone here does to Alexander.
which_ai_leaders_do_you_like_and_hate,Bicepticlops,1.48,Alexander,Alexander,"Alexander IMMEDIATELY denounced me upon meeting and was hostile the entire game, declaring war nonstop."
which_ai_leaders_do_you_like_and_hate,Voffmjau,1.48,Alexander,Alexander,Alexander. If I spawned next to him and dont have a godlike start Im just quitting.
which_ai_leaders_do_you_like_and_hate,christine-bitg,1.48,Alexander,Alexander,"Alexander makes life difficult by taking control of the city states, then making game harder and harder via votes in the world congress."
which_ai_leaders_do_you_like_and_hate,christine-bitg,1.48,Montezuma,Montezuma,Montezuma is forever aggressive.
which_ai_leaders_do_you_like_and_hate,christine-bitg,1.48,Shaka,Shaka,The guy who runs the Zulus... the Zulus are too [aggressive].
which_ai_leaders_do_you_like_and_hate,Hopeful-Repair-1121,1.07,Maria Theresa,Maria,"Maria Theresa of Austria - she denounced me for no reason, expansionist, when she allied to a city state beware, she will absorb it to her empire, she need to be wipeout at early game before her unique ability at use"
which_ai_leaders_do_you_like_and_hate,Hopeful-Repair-1121,1.07,Augustus Caesar,Augustus,"Augustus Caesar of Rome - backstabber, expansionist, very quick to denounce, don't fight him at Classical age"
which_ai_leaders_do_you_like_and_hate,Hopeful-Repair-1121,1.07,Pocatello,Pocatello,"Pocatello of Shoshone - expansionist, he expands very fast and because of his ability, he has a large swath of lands, declaring me also an expansionist he also build a lot of wonders"
which_ai_leaders_do_you_like_and_hate,Hopeful-Repair-1121,1.07,Haile Selassie,Selassie,"Haile Selassie of Ethiopia - very challenging if you are aiming for domination victory, must be wipe out early before his unique units at use, he must not built both Great Wall and Himeji Castle"
which_ai_leaders_do_you_like_and_hate,Hopeful-Repair-1121,1.07,Hiawatha,Hiawatha,"Hiawatha of Iroquois - expansionist, he expands all the time even for useless tiles"
which_ai_leaders_do_you_like_and_hate,Hopeful-Repair-1121,1.07,Alexander,Alexander,"Alexander of Greece - very hostile as a neighbor, very quick to denounce, he will buy and allied to all city states, must be wipeout at the beginning of the game before his unique units came in the game, he must not secure a lot of gold because he will easily allied to the city states"
which_ai_leaders_do_you_like_and_hate,Hopeful-Repair-1121,1.07,Bismarck,Bismark,"Bismarck of Germany - expansionist, very quick to denounce,warmonger and he hates warmongers hypocrite, He must be wipeout in midgame before the Panzers came in the game"
which_ai_leaders_do_you_like_and_hate,Hopeful-Repair-1121,1.07,Wu Zetian,WuZetian,"Wu Zetian of China - don't be fool for her beauty, she is very quick to denounce and backstabber whenever she is in my game, she is an annoying antagonist, very dramatic"
which_ai_leaders_do_you_like_and_hate,zk2020reborn,0.83,Theodora,Theodora,Theodora with Religious center and Jesuit education😭🙏🏻
which_ai_leaders_do_you_like_and_hate,treecfc,0.83,Dido,Dido,"I hate Dido, every game she's backstabbing someone"
which_ai_leaders_do_you_like_and_hate,KeyDrive0,0.83,Hiawatha,Hiawatha,Immediately I thought of Hiawatha and Alexander as well.
which_ai_leaders_do_you_like_and_hate,KeyDrive0,0.83,Alexander,Alexander,"Alex is the worst bc he's not *just* expansionist, he'll send settlers around the world and pass over all kinds of prime real estate just to settle right next to you."
which_ai_leaders_do_you_like_and_hate,KeyDrive0,0.83,Venice,EnricoDandolo,"I also despise Venice, there Merchant is bullshit. It's infuriating when I spend however long cultivating a neighboring CS ally, get complacent, and out of nowhere they're purple and can't be liberated. I've had games go awry bc I carefully geared up for war with somebody else only to spot a Merchant waltzing into my ally's territory; had to declare war on Venice just to chase him away and put everything on hold."
which_ai_leaders_do_you_like_and_hate,LinuxAmbassador,0.83,Shaka,Shaka,"Shaka is my favorite! Everyone is dogging on Hiawatha for expansion but Shaka Zulu not only has the highest expansion stat in the game, he's the only leader to have a stat above 10 and it's for his expansion. He's also got the highest loyalty stat, tied for highest war stat, tied for highest denounce willingness, and has the lowest fear stat and lowest deceptive stat. Shaka Zulu is a very extreme warmonger but I love that bold, extreme, straightforward villain aura he gives off."
which_ai_leaders_do_you_like_and_hate,LinuxAmbassador,0.83,Hiawatha,Hiawatha,"Everyone is dogging on Hiawatha for expansion but Shaka Zulu not only has the highest expansion stat in the game, he's the only leader to have a stat above 10 and it's for his expansion."
which_ai_leaders_do_you_like_and_hate,LinuxAmbassador,0.83,Gustavus Adolphus,Gustavus,Least favorite would have to be Gustavus Adolphus. As a playable civ I feel like Sweden is the absolute worst and as an AI opponent I don't think I've ever had a game where Gustavus did anything noteworthy. He usually over expands and gets clobbered by whatever neighbor is next to him.
which_ai_leaders_do_you_like_and_hate,OC_01301994,0.83,Nobunaga,OdaNobunaga,I like Nobunaga because I won my first game with him via domination.
which_ai_leaders_do_you_like_and_hate,OC_01301994,0.83,Askia,Askia,I dislike Askia. AI declared war seemingly out of nowhere after I opened my borders to him.
which_ai_leaders_do_you_like_and_hate,Medium-Perspective43,0.83,Boudicca,Boudicca,"Boudicca is also among my more hated civs, expansionist, agressive. Spams missionaries and for some reason makes it into all of my games"
which_ai_leaders_do_you_like_and_hate,Sniyarki,0.83,Alexander,Alexander,Alexander and Siam are the biggest c*nts in the game.
which_ai_leaders_do_you_like_and_hate,Sniyarki,0.83,Siam,Ramkhamhaeng,Alexander and Siam are the biggest c*nts in the game.
which_ai_leaders_do_you_like_and_hate,Tricky_Rate7883,0.41,Shaka,Shaka,Shaka will become the most loyal person ever if you can do it. Getting him to become loyal is the hard part
which_ai_leaders_do_you_like_and_hate,Pixielized,0.41,Montezuma,Montezuma,if Montezuma walked past me on the street I would murder him and no cop would convict me
which_ai_leaders_do_you_like_and_hate,Cuavooo,0.41,Arabia,HarunAlRashid,I really hate going up against Arabia. I have two straight games now that had them doing well. They always weasel into finding allies and denounce me to death. He forces his religion too which I always hate.
which_ai_leaders_do_you_like_and_hate,Cuavooo,0.41,Mongolia,GenghisKhan,"As for the other, I always love Mongolia. Though it's only when they're obviously behind. They're staunch allies and are pretty loyal too"
which_ai_leaders_do_you_like_and_hate,RedEyeBlueOcean,0.41,Harun al-Rashid,HarunAlRashid,"People rank Harun al-Rashid low as a threat but in my experience, Arabia is one of the top tier leaders that I distrust and are a huge threat."
which_ai_leaders_do_you_like_and_hate,RedEyeBlueOcean,0.41,Genghis,GenghisKhan,"As for Mongolia, Genghis is a loyal friend but only if you aren't neighbors. Once you and him become neighbors, he will stop befriending you and you'll have to face a large war against him."
who_is_the_most_warmonger_civ_leader,firsttimegaren,2.71,Alexander,Alexander,I literally cant remember a game where Alexander the Great didnt declare war on me.
who_is_the_most_warmonger_civ_leader,lad1dad1,0.89,Genghis Khan,GenghisKhan,"this is me with genghis khan, I remember one game we unfortunately settled close to each other and it was one of my first games so I let it be but he kept declaring war every what felt like 100 years until I finally completely put him out and have promised myself to always do this if he spawns in my games"
who_is_the_most_warmonger_civ_leader,hurricane1613286,0.69,Genghis Khan,GenghisKhan,"I thought I could trust gengis in starfield, freed him from prison, he immediately turned to piracy. Fuck genghis in any iteration of any game."
who_is_the_most_warmonger_civ_leader,Southern_Source_2580,2.29,Shaka,Shaka,I go out of my way to buddy up with shaka if he's my neighbor. One time shaka saved my butt when Alexander came for me. He may be a warmongerer but he's my homie.
who_is_the_most_warmonger_civ_leader,Southern_Source_2580,2.29,Alexander,Alexander,One time shaka saved my butt when Alexander came for me.
who_is_the_most_warmonger_civ_leader,sesaman,1.14,Shaka,Shaka,"I try to crush Shaka asap if he's my neighbor, before he has a chance to get to those impis."
who_is_the_most_warmonger_civ_leader,_Ungespuelt_,1.03,Shaka,Shaka,Out of interest: is Shaka a loyal AI or not?
who_is_the_most_warmonger_civ_leader,_Ungespuelt_,1.03,Alexander,Alexander,"Because someone like Alexander will just backstab you at any moment, so I don't even bother befriending him."
who_is_the_most_warmonger_civ_leader,Southern_Source_2580,1.37,Shaka,Shaka,I think someone mentioned that shaka has THE highest loyalty stat in the game. So no wonder my efforts have never been in vain with him lol.
who_is_the_most_warmonger_civ_leader,Rico_Rebelde,1.03,Alexander,Alexander,For reference Alexander has a Loyalty and Deceptiveness of 4. Slightly below average for both.
who_is_the_most_warmonger_civ_leader,Rico_Rebelde,1.03,Shaka,Shaka,Shaka has a very high loyalty of 8 and a very low deceptiveness of 2
who_is_the_most_warmonger_civ_leader,Xaphe,0.34,Shaka,Shaka,Shaka is very loyal and makes for a great friend. I have played games where even competing ideologies didn't dent our friendship.
who_is_the_most_warmonger_civ_leader,Forsaken_Mousse5271,1.99,Attila,Attila,"atilla hates everyone and cant be friends with anyone, war with him is always guaranteed if you are his neighbour no matter what you do pretty much. atilla is a complete coward, he will fight you for a few turns then you can easily sue for peace after you kill some of his units. a war with atilla is usually only 15 or so turns tops"
who_is_the_most_warmonger_civ_leader,Forsaken_Mousse5271,1.99,Shaka,Shaka,"shaka can actually be your friend in some circumstances and can be extremely loyal, in fact he is one of if not the most loyal ai in the game, he will never cross you as long as you don't cross him in the event that you manage to befriend him. shaka is more dangerous bc if you are at war, shaka is like the t-1000 from the second terminator movie and will chase you to the ends of the earth, i've had wars with shaka that lasted multiple eras and completely wasted my game"
who_is_the_most_warmonger_civ_leader,poesviertwintig,1.43,Shaka,Shaka,Having Shaka on the other side of the world is amazing if you're going for domination. You'll have at least one buddy to trade and join wars with.
who_is_the_most_warmonger_civ_leader,ZhouDa,0.34,Attila,Attila,"I just play a game with Atilla as neighbor on a terra map where I must of fought a half dozen waves from Atilla while he demanded I hand over 2-3 cities to him for peace. Even taking a couple of cities from Atilla, he wouldn't give me better than even peace terms. Finally when I took his capital with his other neighbors conquering the rest of the empire Atilla finally broke and offered me two of his last three cities for peace."
who_is_the_most_warmonger_civ_leader,EfficiencySlight8845,1.85,Shaka,Shaka,"When Shaka starts attacking you, he does not back off. He'll keep at it for a long time."
who_is_the_most_warmonger_civ_leader,neon_trotsky_,0.34,Maya,Pacal,"I had captured the capital of the maya and she wanted to peace out so I was like, fine don't want to many grievances anyway. Then this idiot declared an emergency on me, it passed and we were back at it 2 turns later even tho half her army was toast. Suffice to say, she did not get her capital back."
who_is_the_most_warmonger_civ_leader,Droo04_C,0.69,Pacal,Pacal,Civ V maya is Pacal
who_is_the_most_warmonger_civ_leader,Due_Leather1771,1.75,Shaka,Shaka,In every game I've played with Shaka in it he has been my ally so I'm shocked that he's leading the poll 😂
who_is_the_most_warmonger_civ_leader,Due_Leather1771,1.75,Sweden,Gustavus,it's always the culture civs like Sweden or France that try to go to war against me
who_is_the_most_warmonger_civ_leader,Due_Leather1771,1.75,France,Napoleon,it's always the culture civs like Sweden or France that try to go to war against me
who_is_the_most_warmonger_civ_leader,Jefrejtor,0.69,Napoleon,Napoleon,"My last game, Napoleon legit declared war on every single civ he was neighboured with (not all at once lol)."
who_is_the_most_warmonger_civ_leader,Rofdo,1.68,Attila,Attila,"According to https://civdata.com/ Attila, Ashurbanipal, Montezuma, Shaka and Napoleon each have the highest ""war"" diplomacy bias of 8."
who_is_the_most_warmonger_civ_leader,Rofdo,1.68,Ashurbanipal,Ashurbanipal,"According to https://civdata.com/ Attila, Ashurbanipal, Montezuma, Shaka and Napoleon each have the highest ""war"" diplomacy bias of 8."
who_is_the_most_warmonger_civ_leader,Rofdo,1.68,Montezuma,Montezuma,"According to https://civdata.com/ Attila, Ashurbanipal, Montezuma, Shaka and Napoleon each have the highest ""war"" diplomacy bias of 8."
who_is_the_most_warmonger_civ_leader,Rofdo,1.68,Shaka,Shaka,"According to https://civdata.com/ Attila, Ashurbanipal, Montezuma, Shaka and Napoleon each have the highest ""war"" diplomacy bias of 8. Shaka has the by far highest ""expansion"" bias out of all of the Ai with an incredible value of 11."
who_is_the_most_warmonger_civ_leader,Rofdo,1.68,Napoleon,Napoleon,"According to https://civdata.com/ Attila, Ashurbanipal, Montezuma, Shaka and Napoleon each have the highest ""war"" diplomacy bias of 8."
who_is_the_most_warmonger_civ_leader,Sambikes1,0.69,Montezuma,Montezuma,I have never not had montezuma declare war on me
who_is_the_most_warmonger_civ_leader,MeadKing,1.53,Genghis Khan,GenghisKhan,"Genghis is such a warmonger, he can't help himself from gobbling up City States. This inevitably leads to his denouncement by the other AIs, eventually getting crushed by a coallition of leaders that will embargo his ass back to the stone ages. Genghis is the only one who will consistently shoot himself in the foot by ruining all relationships over the capture of City States."
who_is_the_most_warmonger_civ_leader,sesaman,1.14,Gandhi,Gandhi,Gandhi dies or is crushed so bad he's never going to become a threat before ever reaching the renaissance era since he's such a push over. Literally the least threatening civ that never gets to drop nukes. Edit: 3387 hours in Civ V and never seen Gandhi drop a nuke.
who_is_the_most_warmonger_civ_leader,amenoniwa,1.14,Shaka,Shaka,Shaka is warmonger but too warmonger not to be bribed by player to attack another AI.
who_is_the_most_warmonger_civ_leader,amenoniwa,1.14,Suleiman,Suleiman,"Suleiman and Nobunaga can't be bribed too easily, like forward settling. So I voted for Suleiman."
who_is_the_most_warmonger_civ_leader,amenoniwa,1.14,Nobunaga,OdaNobunaga,"Suleiman and Nobunaga can't be bribed too easily, like forward settling."
who_is_the_most_warmonger_civ_leader,WC-BucsFan,1.03,Napoleon,Napoleon,Napoleon. Dude attacks me every time.
who_is_the_most_warmonger_civ_leader,Prithvishivprasad,0.69,Napoleon,Napoleon,I think he should be rechristened as dickpolean. He's number two after Shaka in terms of being a warmonger.
who_is_the_most_warmonger_civ_leader,Prithvishivprasad,0.69,Shaka,Shaka,He's number two after Shaka in terms of being a warmonger.
who_is_the_most_warmonger_civ_leader,CillaCD,0.89,Shaka,Shaka,"Shaka scored really high in loyalty (less likely to backstab). So the next time I was on a map with him, I tried befriending him asap. He didn't attack me before we picked different ideologi."
who_is_the_most_warmonger_civ_leader,CillaCD,0.89,Attila,Attila,Atilla is the worst. He will declare war even if you have a declaration of friendship.
who_is_the_most_warmonger_civ_leader,Vhal14,0.89,Suleiman,Suleiman,Among these people the least warmongering would be Suleiman and Bismarck based on my experience.
who_is_the_most_warmonger_civ_leader,Vhal14,0.89,Bismarck,Bismark,Among these people the least warmongering would be Suleiman and Bismarck based on my experience.
who_is_the_most_warmonger_civ_leader,Vhal14,0.89,Genghis,GenghisKhan,Genghis will always want to conquer city states.
who_is_the_most_warmonger_civ_leader,Vhal14,0.89,Nobunaga,OdaNobunaga,Nobunaga is mild warmonger.
who_is_the_most_warmonger_civ_leader,Vhal14,0.89,Attila,Attila,"Attila, not much experience fighting him but he's almost always on war."
who_is_the_most_warmonger_civ_leader,Vhal14,0.89,Shaka,Shaka,Shaka would be my bet to be most warmongering. He's always at war with somebody when he got his Impi carpet.
who_is_the_most_warmonger_civ_leader,Vhal14,0.89,Montezuma,Montezuma,Where's Montezuma tho? He's on par with Shaka on warmongering for me.
who_is_the_most_warmonger_civ_leader,[deleted],0.89,Attila,Attila,Is Attila in Brave New world? I haven't met him although I have 3000+ hours of gameplay.
who_is_the_most_warmonger_civ_leader,Rossticles,0.89,Monty,Montezuma,Honorable mention goes to Monty.
who_is_the_most_warmonger_civ_leader,Rossticles,0.89,Ramkhamhaeng,Ramkhamhaeng,Ramkhamhaeng can also be quite testy.
who_is_the_most_warmonger_civ_leader,g0tmelk,0.89,Elizabeth,Elizabeth,where's elizabeth. she always wants war
who_is_the_most_warmonger_civ_leader,burekstein,1.03,Gandhi,Gandhi,For the meme: Ghandi
who_is_the_most_warmonger_civ_leader,burekstein,1.03,Askia,Askia,"In reality: Askia. Doesn't matter how many trade routes we have. Doesn't matter we have a perfect history. If I have a smaller military, (I usually run Venice, so, kind of my fault), then it's inevitable"
who_is_the_most_warmonger_civ_leader,Life-Ad-6480,0.69,Montezuma,Montezuma,I forgot to add Montezuma on the list but I am pretty sure he would be at 3rd or 2nd place
who_is_the_most_warmonger_civ_leader,SerenityPrim3,1.03,Gandhi,Gandhi,You forgot to add Ghandi
who_is_the_most_warmonger_civ_leader,Jayken,0.69,Shaka,Shaka,Shaka is hit or miss. Best friend or externally at war.
who_is_the_most_warmonger_civ_leader,Jayken,0.69,Attila,Attila,"Attila can be an absolute monster in the early game. By late game though, he's kind of a joke."
who_is_the_most_warmonger_civ_leader,mrtiptonic,0.69,Genghis Khan,GenghisKhan,"right now as I voted, I'm playing as Genghis Khan and chose Autocracy and yet I have the highest happiness in my current game"
who_is_the_most_warmonger_civ_leader,Wadero,0.69,Shaka,Shaka,"Shaka was half a continent away so I tried to befriend him; I started a trade route, swapped embassies and luxuries. When I saw his line of units moving in my direction, I bribed him into attacking Poland. He took their capital and immediately declared war on me."
who_is_the_most_warmonger_civ_leader,moreckm8293,0.34,Gandhi,Gandhi,Why is Ghandi not on the list? Definitely the biggest war monger
who_is_the_most_warmonger_civ_leader,themolestedsliver,0.34,Bismarck,Bismark,Still remember a game where I was Bismark I think and Shaka kept declaring war on me.
who_is_the_most_warmonger_civ_leader,themolestedsliver,0.34,Shaka,Shaka,Shaka kept declaring war on me. I'd beat him back but a few turns later he'd send another full army towards me. We'd declare peace and then literally after it ends he mobilizes his entire army to take one of my new cities. I get fed up and send my whole army on his ass and take his capital. He doesn't admit defeat so I conquer all his cities and now I'm the war monger......
who_is_the_most_warmonger_civ_leader,Xaphe,0.34,Attila,Attila,I'm going with Atill because he tends to always go after the City States and then carries on with the major Civs as a result.
who_is_the_most_warmonger_civ_leader,Definitely-JT,0.34,Caesar,Augustus,I have had a lot of run ins with Caesar 🙃
civfanatics_favorite_hated,civfan_user_0,1.0,Boudica,Boudicca,"Boudica - dunno, I kinda like her, even when we are in love-hate relationship. I like her animation, when she starts dancing around like drunken duck with her sword."
civfanatics_favorite_hated,civfan_user_0,1.0,Suleiman,Suleiman,"Suleiman - altho Ottomans never seem to do anything useful in the games, I kinda like Suleiman. He always seems happy, even when declaring war on me."
civfanatics_favorite_hated,civfan_user_0,1.0,Attila,Attila,"Attila - usually makes me jump when we first meet, because he's loud. Later on, he seem to be friendly, even when he dows me in the first 40 turns."
civfanatics_favorite_hated,civfan_user_0,1.0,Ashurbanipal,Ashurbanipal,"Ashurbanipal - I don't remember I've ever been in a war with Assyria and he always seems to be friendly with me, even when most civs hate me."
civfanatics_favorite_hated,civfan_user_0,1.0,Wu Zetian,WuZetian,"Wu Zetian - she seems to be neutral most of the time, and not care too much of outside politics. In most of my games, we are either good trading partners or allies, even when when we spawn next to each other."
civfanatics_favorite_hated,civfan_user_0,1.0,Shaka,Shaka,"Shaka - even if he will most likely try to kill me, at least I know that he's honest about it. His diplomatic info is what it is, if he hates me, he hates me, if he likes me, he likes me."
civfanatics_favorite_hated,civfan_user_0,1.0,Ramses II,Ramesses,"Ramses II - very weird AI, grunt, usually guarded for no reason. Gets cranky if you build just a single wander, because he must build them all."
civfanatics_favorite_hated,civfan_user_0,1.0,Elizabeth,Elizabeth,"Elizabeth - or ""The incredibly strange AI that stopped being annoying and became mixed up hostile punching bag!!?"" One of those AIs that I just want to punch real hard whenever I see her popping up from unexplored map."
civfanatics_favorite_hated,civfan_user_0,1.0,Ramkhamhaeng,Ramkhamhaeng,"RamBamBam - Siam . I hate his ""I will attack anyone around me, but don't you dare attacking anyone, because I will tell mom"" attitude."
civfanatics_favorite_hated,civfan_user_0,1.0,Isabella,Isabella,"Isabella - spams GP and missionaries, asks you to join up in war, denounces you the very next turn and turns from friendly into hostile. Then proceed to annoy you with little chats how your military is a joke, until you go visit her and wipe her out from the face of the planet just for kicks."
civfanatics_favorite_hated,civfan_user_0,1.0,Kamehameha,Kamehameha,"Kamehame ... the guy with funny hat. - Polynesia - I just like to punch him. A lot. Every single game. No, I don't need your five cities right in the middle of my empire, because you've seen an empty spot."
civfanatics_favorite_hated,civfan_user_0,1.0,Haile Selassie,Selassie,"Haile Selassie - pretty much same opinion as with Siam. Likes to pick on others, go tells your mom when you pick on others."
civfanatics_favorite_hated,civfan_user_0,1.0,Pacal,Pacal,"Pacal - Will try to grab every possible faith wonder, gets cranky and start denouncing when you get one. Spams you with GP and refuses to stop it."
civfanatics_favorite_hated,civfan_user_0,1.0,Ahmad al-Mansur,AhmadalMansur,Ahmad al-Mansur and William - no I don't need your cities three tiles away from my capital.
civfanatics_favorite_hated,civfan_user_0,1.0,William,William,Ahmad al-Mansur and William - no I don't need your cities three tiles away from my capital.
civfanatics_favorite_hated,civfan_user_0,1.0,Oda,OdaNobunaga,"Oda - if he's right next to me, better prepare defenses, because he will drop two cities next to me, then declare war on me... then hate me for the rest of the game and attack whenever he can, unless I wipe him out. He seems to hate me even when we are on different part of the world (map)."
civfanatics_favorite_hated,civfan_user_1,1.0,Boudicca,Boudicca,Likes Boudicca
civfanatics_favorite_hated,civfan_user_1,1.0,William of Orange,William,Likes William of Orange
civfanatics_favorite_hated,civfan_user_1,1.0,Dido,Dido,Likes Dido
civfanatics_favorite_hated,civfan_user_1,1.0,Wu Zetian,WuZetian,Likes Wu Zetian because she rarely shows up.
civfanatics_favorite_hated,civfan_user_1,1.0,Pacal,Pacal,Hates Pacal- Makes my computer lag
civfanatics_favorite_hated,civfan_user_1,1.0,Elizabeth,Elizabeth,Hates Elizabeth- Very annoying wonder hog
civfanatics_favorite_hated,civfan_user_2,1.0,Harald Bluetooth,Harald,"HARALD BLUETOOTH. The favourite among favourites. Reasonable, nice, but still loves to fight a good war. Can't find a single bad thing about him, and in BNW he started doing a little bit better, even kinda-running away several times."
civfanatics_favorite_hated,civfan_user_2,1.0,Pachacuti,Pachacuti,"Pachacuti. Pretty much the same as Harald, but positive traits are all smaller, and he's a bit more treacherous. Still, a good friend to have."
civfanatics_favorite_hated,civfan_user_2,1.0,Askia,Askia,"Askia. Mainly because I feel bad for the guy. He's nearly always the punching bag (except for one time where he became a mid-good civ - but then I kinda helped him, so it hardly counts) and can be incredibly annoying with his love for getting a second city half the map away from his capital just under yours and then forgetting to get any more of them."
civfanatics_favorite_hated,civfan_user_2,1.0,Catherine,Catherine,"Catherine (G&K). She used to be such a great competition. Now she's constantly the punching bag for some reason, but it may be because for some reason desipte having random civs she started next to Mongols several times in a row for some reason."
civfanatics_favorite_hated,civfan_user_2,1.0,Bismarck,Bismark,"Bismarck. A relatively nice guy who likes to fight, and started running away in BNW."
civfanatics_favorite_hated,civfan_user_2,1.0,Nebuchadnezzar,Nebuchadnezzar,Neby. Such a joy to see this guy. Too bad he's not more competent.
civfanatics_favorite_hated,civfan_user_2,1.0,Montezuma,Montezuma,"Monty. How can you dislike this guy? You'd need to be soulless. I still remember how in G&K he used to declare wars on me just a turn after we traded something, losing his stuff and then offering me a free luxury/gpt in peace deal."
civfanatics_favorite_hated,civfan_user_2,1.0,Ramkhamhaeng,Ramkhamhaeng,"Ramkhamhaeng. Annoying, loves to warmonger and hates you for doing the exact same thing even in ultra-small ammounts. ALWAYS reject his DoF's, because afterwards he'll decide to settle a city right in your face with no exceptions."
civfanatics_favorite_hated,civfan_user_2,1.0,Alexander,Alexander,"Alexander. Unreasonable, annoying, loves to hate you for no reason, expands, usually the runaway."
civfanatics_favorite_hated,civfan_user_2,1.0,Hiawatha,Hiawatha,"Hiawatha. SERIOUSLY, he's insane. Nuts. Expands in most useless places, can overwhelm most of the AI's early on."
civfanatics_favorite_hated,civfan_user_2,1.0,Elizabeth,Elizabeth,"Elizabeth. She's always unreasonable, incompetent, annoying and does stuff just to piss you off. I still remember how she had only one city, and decided to send her army through ENTIRE CONTINENT to attack my capital."
civfanatics_favorite_hated,civfan_user_2,1.0,Kamehameha,Kamehameha,"Polynesia - a guy who always meets others before you. Must be destroyed at all costs, this one, because he combines two annoying traits - rarely warmongering, BUT expanding madly in your direction."
civfanatics_favorite_hated,civfan_user_3,1.0,Alexander,Alexander,"I've never had good relations with this jerk, and he shows up in like half the maps I play. Loves to found and spread his own religion, which is annoying because I like to do the same. Also he's a city-state hog."
civfanatics_favorite_hated,civfan_user_3,1.0,Shaka,Shaka,"He had the misfortune of starting right next to the Zulus in my current game, so he's his usual obnoxious self but he hasn't been able to expand passed 3 cities due to constant harassment from Shaka."
civfanatics_favorite_hated,civfan_user_3,1.0,Elizabeth,Elizabeth,"Always a failure, but never fails to be annoying. I guess England just isn't all that without Ireland, Scotland and Wales. (Plus she's a wonder-hog.)"
civfanatics_favorite_hated,civfan_user_3,1.0,Hiawatha,Hiawatha,"JEEBUS, calm down buddy! There's enough map for everyone!"
civfanatics_favorite_hated,civfan_user_3,1.0,Ramkhamhaeng,Ramkhamhaeng,City-state hog par excellence.
civfanatics_favorite_hated,civfan_user_3,1.0,Sejong,Sejong,My heart sinks whenever he's my opponent. He just techs soooo fast! Plus he likes to build cities.
civfanatics_favorite_hated,civfan_user_3,1.0,Ramesses,Ramesses,"Can I build a wonder or two, please!?"
civfanatics_favorite_hated,civfan_user_3,1.0,Catherine,Catherine,"Usually pretty reasonable, good challenge, makes a powerful friend or foe."
civfanatics_favorite_hated,civfan_user_3,1.0,Gustavus,Gustavus,Let's be friends please!
civfanatics_favorite_hated,civfan_user_3,1.0,Augustus,Augustus,Start next to either of them and you know they're going to invade. At least you can plan for it.
civfanatics_favorite_hated,civfan_user_3,1.0,Dido,Dido,Start next to either of them and you know they're going to invade. At least you can plan for it.
civfanatics_favorite_hated,civfan_user_3,1.0,Wu,WuZetian,"I like her theme music, and she's usually quite reasonable."
civfanatics_favorite_hated,civfan_user_3,1.0,Nebby,Nebuchadnezzar,Usually good to be friends with.
civfanatics_favorite_hated,civfan_user_4,1.0,William,William,William - Usally he's pretty good friends with me.
civfanatics_favorite_hated,civfan_user_4,1.0,Gustavus,Gustavus,Gustavus - I always try to become friends with him and he is generally nice.
civfanatics_favorite_hated,civfan_user_4,1.0,Alexander,Alexander,Alexander - Most people hate him for his city state friendships. But I really don't have much problems with Alex he's in 2/3s of my games it seems but we usually always become friends early on and when he does become your friend he's a great ally to have very loyal for the entire game.
civfanatics_favorite_hated,civfan_user_4,1.0,Washington,Washington,Washington - very loyal friend to have unless you're trying to warmonger.
civfanatics_favorite_hated,civfan_user_4,1.0,Ahmad,AhmadalMansur,Ahmad - Always friendly to me.
civfanatics_favorite_hated,civfan_user_4,1.0,Augustus,Augustus,Augustus Ceaser - Somtimes I have games with him where he is my best friend but often if he asks for friendship I will expect a backstab within the next few turns.
civfanatics_favorite_hated,civfan_user_4,1.0,Bismarck,Bismark,Bismarck - He isn't in my games often but when he is.... He is the BIGGEST bully on the map I had games where he would just raze every city someone made but leave their capitals fine.
civfanatics_favorite_hated,civfan_user_4,1.0,Hiawatha,Hiawatha,Hiawatha - Thanks for taking yet another useless ocean tile. He overwhelms civs and picks fights early Usally picks fights with people like Shaka though and leaves the other alone.
civfanatics_favorite_hated,civfan_user_4,1.0,Darius,Darius,Darius - Really hate this guy he will always make a big army and be the under the radar warmongering guy.
civfanatics_favorite_hated,civfan_user_4,1.0,Sejong,Sejong,Sejong - nothing at all to like about him when he's in your game.
civfanatics_favorite_hated,civfan_user_4,1.0,Pacatello,Pocatello,Pacotello - He always seems to want too stay neutral with me and never wants to progress a friendship. Really stubborn and takes a lot of land.
civfanatics_favorite_hated,civfan_user_5,1.0,Haile Selassie,Selassie,"This guy is my blood brother. In almost every single game I've played with him, Haile extends a warm hand of friendship to me from the very beginning and is a fiercely loyal ally throughout. In one game, I allowed him to win a science victory rather than attacking him, because he had won me over so much throughout the game with his character."
civfanatics_favorite_hated,civfan_user_5,1.0,Gustavus Adolphus,Gustavus,"Another great ally with a warm and friendly personality. His is my favorite court to be in, with mighty and confident Gustavus standing before the fireplace and triumphant music playing in the background. He is extremely reasonable."
civfanatics_favorite_hated,civfan_user_5,1.0,Napoleon,Napoleon,Napoleon is the one guy I most hate to be neighbors with. I know he's going to try to settle on me and invade me if given any opportunity. Napoleon is like the hyena of Civ 5 -- he culls the sick and weakly civs from the pack.
civfanatics_favorite_hated,civfan_user_5,1.0,Theodora,Theodora,"Her voice is very soothing and seductive. She is usually friendly and willing to deal, unless there is some obvious reason why your interests are opposed. Can be moody and backstab occasionally, but overall has a generally easy going and refreshing personality."
civfanatics_favorite_hated,civfan_user_5,1.0,Bismarck,Bismark,Always seems reasonable. He's never DoWed me and his forward settling is mild. Does not get pissed off for no reason.
civfanatics_favorite_hated,civfan_user_5,1.0,Gandhi,Gandhi,"He has all the characteristics I like in an opponent: very passive, generally friendly, and does not over settle. However, I have very little respect for him. He's a pushover."
civfanatics_favorite_hated,civfan_user_5,1.0,Pocatello,Pocatello,"What's not to love? Very passive and deals with youv straight up. You treat him right, and he'll treat you right."
civfanatics_favorite_hated,civfan_user_5,1.0,Suleiman,Suleiman,I have a high level of respect for Suileman. He has beaten me more times than any other civ. He will use every military and diplomatic option he has to destroy you.
civfanatics_favorite_hated,civfan_user_5,1.0,Oda Nobunaga,OdaNobunaga,"Some games he is the best, nicest ally you'll ever meet. Other games he is the most pathetic, guarded whiner on the whole board. I am annoyed by his voice in general, but especially when he is angry or guarded."
civfanatics_favorite_hated,civfan_user_5,1.0,Catherine,Catherine,"She is friendly to me from the beginning a lot, which I like. However, it seems like she becomes pissed off easily and that our relationship fades over time. Then she has that trait where she will never make peace with you unless you give her all your gold or have a strong army."
civfanatics_favorite_hated,civfan_user_5,1.0,Genghis Khan,GenghisKhan,I don't mind Ghengis. Usually not technologically advanced enough to pose much of a threat and always willing to be bribed. Can be a pest sometimes though.
civfanatics_favorite_hated,civfan_user_5,1.0,Augustus Caesar,Augustus,"Another leader I have a mixed relationship with. More often than not, our interests are opposed but he is someone who I can get along with under the right conditions."
civfanatics_favorite_hated,civfan_user_5,1.0,Darius,Darius,"There is no one in the game I am more weary of than Darius. He is constantly scheming. Even when we have made a DoF, I am still guarding my borders from him."
civfanatics_favorite_hated,civfan_user_5,1.0,Boudicca,Boudicca,"There is no one more two-faced than Boudicca and I can't stand it. She constantly tries to convert my cities and plots against me at every opportunity. In BNW, she will grab ALL of the cultural wonders if you let her."
civfanatics_favorite_hated,civfan_user_5,1.0,Maria Theresa,Maria,"The ultimate example of passive-agressive. Will be your best friend one turn, and your worst enemy the next. And did I mention she STEALS MY CITY STATES?"
civfanatics_favorite_hated,civfan_user_5,1.0,William,William,I have had so many games where he has been a complete douche. He constantly declares war on you when you least expect it. But the most annoying of all traits is his city spamming.
civfanatics_favorite_hated,civfan_user_5,1.0,Elizabeth,Elizabeth,Speaking of denouncements and city spamming.
civfanatics_favorite_hated,civfan_user_5,1.0,Isabella,Isabella,Speaking of denouncements and city spamming.
civfanatics_favorite_hated,civfan_user_5,1.0,Alexander,Alexander,"Most annoying voice in the game. Also one of the civs that DoW you early in the game while you're still trying to get things set up, which I hate. City state hog."
civfanatics_favorite_hated,civfan_user_5,1.0,Ramesses,Ramesses,"Complete wonder hog, always in a rotten mood, and loves to nuke your cities."
civfanatics_favorite_hated,civfan_user_6,1.0,Ashurbanipal,Ashurbanipal,"Love Ashurbanipal (Assyria) - Can be intimidating especially with a huge army, yet someone I hate to hate. He was unfortunately the biggest warmonger (and the only aggressive AI) in my last game due to having China and Brazil as his neighbors, yet I can't seem to find hate for the guy. Maybe it's because he does respect you, at the very least."
civfanatics_favorite_hated,civfan_user_6,1.0,Shaka,Shaka,"Love/Hate Shaka (The Zulu) - I hate how he gloats around when you're hostile to one another and that I have to work up my defenses when I find he's my neighbor. However, he's also extremely easy to manipulate oh so very much. He also has a glaring weakness which I love to exploit: he sends almost all his troops to the front lines but leaves his cities defenseless, making it easy for backdoor invasions."
civfanatics_favorite_hated,civfan_user_6,1.0,Alexander,Alexander,"Hate Alejandro (Alexander, Greece) - Yes, I mock and hate him in every single time I meet him. I don't mind the denouncement or DOW. What I really hate is that he always tries to take over my most crucial CS allies, to the point that unless I've cared for them since the beginning of the game, it will be very difficult to take them back."
civfanatics_favorite_hated,civfan_user_7,1.0,Casimir,Casimir,"I declared war on this guy in several games, even took his cities and some in a peace deal yet after maybe 15 turns asks me for a declaration of friendship. Now that's the most forgiving AI I know."
civfanatics_favorite_hated,civfan_user_7,1.0,Pedro II,Pedro,Overall nice guy easy to deal with. DoF are almost guaranteed if this guy is around.
civfanatics_favorite_hated,civfan_user_7,1.0,Boudicca,Boudicca,"Reasonable and Friendly. Doesn't expand that much and would declare war on warmongers so I don't have to deal with them. She has almost always been my besties against warmongers like Shaka, Montezuma and Oda."
civfanatics_favorite_hated,civfan_user_7,1.0,Ahmad Al Mansur,AhmadalMansur,"Easy to befriend but always like to steal your wonders. I can't do anything since he's supposed to be my friend, and he is always an easy target by my enemies. I only befriend him for buffer against runaways but his wonderspamming gets on my nerves."
civfanatics_favorite_hated,civfan_user_7,1.0,Pacal,Pacal,Same reason as above.
civfanatics_favorite_hated,civfan_user_7,1.0,Suleiman,Suleiman,VERY easy to befriend but he always likes to settle near my cities.
civfanatics_favorite_hated,civfan_user_7,1.0,Ramesses,Ramesses,Always irritable and wonderspams. Unlike Pacal and Ahmad he isn't friendly at all.
civfanatics_favorite_hated,civfan_user_7,1.0,Montezuma,Montezuma,Irritating and he always like to insult me. He is always arrogant when demanding from my protected city states.
civfanatics_favorite_hated,civfan_user_7,1.0,Hiawatha,Hiawatha,"Cities, Cities everywhere. Cities as far as the eye can see."
civfanatics_favorite_hated,civfan_user_8,1.0,Ahmad Al-Mansur,AhmadalMansur,Ahmad Al-Mansur - Is always a bro even in times of crisis. Let us make money together for great profits! War? Bad for business!
civfanatics_favorite_hated,civfan_user_8,1.0,Enrico Dandolo,EnricoDandolo,"Enrico Dandolo - Despite his less than ahem stellar history, he is a pretty nice old man in the game. Always asking me to participate in one of those Venetian Get Rich schemes."
civfanatics_favorite_hated,civfan_user_8,1.0,Elizabeth,Elizabeth,Elizabeth: Turn 1: Hi! Lets be BFFs )) Turn 2: You are a scourge of humanity and you disgust me! Oh btw...would you like a trade agreement with England? Don't trust Lizzy...like ever.
civfanatics_favorite_hated,civfan_user_8,1.0,Alex,Alexander,Alex: Mr. denounce from 100 tiles away.
civfanatics_favorite_hated,civfan_user_9,1.0,Isabella,Isabella,"Isabella, for some reason has been the most consistent ally and trading partner in my games, a lot probably has to do with her annoying the other AIs and rarely being in the top third of the AIs in my games."
civfanatics_favorite_hated,civfan_user_9,1.0,Genghis,GenghisKhan,"Genghis, this is probably due to me taking Autocracy so often, even if I go to war with him early by the late game I can count on him to be a war partner, his city state eating can get annoying at times but a lot of times they are eating the CSs that a CS mongering Civ is allied with so its a generally a net positive."
civfanatics_favorite_hated,civfan_user_9,1.0,Theodora,Theodora,"Theodora, always a very docile Civ in my games, she doesn't spam cities too much, not overly aggressive with city states, and I don't focus on religion that much so I don't get too worked up if she gets her religion and gets aggressive with it."
civfanatics_favorite_hated,civfan_user_9,1.0,Boudicca,Boudicca,"Boudicca, she is fun to watch rant and babble, but the issue is she can be in a ideal spot to be a ally, I can do everything possible to maintain positive diplomatic relations but she will always flip and DoW on me at some point."
civfanatics_favorite_hated,civfan_user_9,1.0,Augustus,Augustus,"Augustus, he doesn't annoy me as much as always challenge me in the late game, if he spawns far away from my borders I am almost assured to have to invade him to prevent his tech victory, this normally involves a naval invasion followed by a long battle through at least two well developed cities before you even reach the capital, and I am almost guaranteed to have a few nukes dropped on my forces as I drive inland."
civfanatics_favorite_hated,civfan_user_9,1.0,Alexander,Alexander,"Alexander, so cocky even when he is not being a dick I still want to hate him, the biggest CS hog in the game and somehow manages some of the better core cities in most games I play, I hate him and his little pony..."
civfanatics_favorite_hated,civfan_user_9,1.0,Hiawatha,Hiawatha,"Hiawatha, oh look its the Iroqouis Empire the hornets nest of cities being built close together and lurching towards my borders... he is the reason the Huns are a attractive Civ at times because dismantling Hiawatha can take a long time even if he isn't a runaway."
civfanatics_favorite_hated,civfan_user_9,1.0,Kamehameha,Kamehameha,"Kamehameha, Hiawatha's mentally challenged brother, where the Iroqouis are effective in their city spam, the Polynesians find the tiny sliver of tiles on your coast to settle that you have absolutely no interest in having a city in and will do it repeatedly even if you have burnt them down earlier in the game, the only upside is he rarely is a runaway or even makes it out of the bottom third of Civs in a game he is just a pain in the butt for the entire game."
civfanatics_favorite_hated,civfan_user_10,1.0,Catherine,Catherine,Catherine is a worthy opponent.
civfanatics_favorite_hated,civfan_user_10,1.0,Sejong,Sejong,Sejong will travel halfway around the world to settle his second city next to your capitol.
civfanatics_favorite_hated,civfan_user_11,1.0,Hiawatha,Hiawatha,"Guys like Hiawatha, Alexander, and Catherine make me smile, put up my dukes and say ""challenge accepted""."
civfanatics_favorite_hated,civfan_user_11,1.0,Alexander,Alexander,"Guys like Hiawatha, Alexander, and Catherine make me smile, put up my dukes and say ""challenge accepted""."
civfanatics_favorite_hated,civfan_user_11,1.0,Catherine,Catherine,"Guys like Hiawatha, Alexander, and Catherine make me smile, put up my dukes and say ""challenge accepted""."
civfanatics_favorite_hated,civfan_user_11,1.0,Elizabeth,Elizabeth,"On the other hand, you've got AI's like Elizabeth and Isabella that never really manage to be a genuine threat but manage to be a thorn in your side in other ways, primarily just by talking so much and making the AI turn take more time."
civfanatics_favorite_hated,civfan_user_11,1.0,Isabella,Isabella,"On the other hand, you've got AI's like Elizabeth and Isabella that never really manage to be a genuine threat but manage to be a thorn in your side in other ways, primarily just by talking so much and making the AI turn take more time."
civfanatics_favorite_hated,civfan_user_12,1.0,Kamehameha,Kamehameha,"dislike Kamameha, An annoying lout, always in last place, everyone in the world loves him and has to tell you about it, ninja begger. He's like the guy at the party who never brings the beer."
civfanatics_favorite_hated,civfan_user_13,1.0,Harun Al-Rashid,HarunAlRashid,"Harun Al-Rashid: Almost always a good friend, although his city spam can get a bit out of hand in the lategame."
civfanatics_favorite_hated,civfan_user_13,1.0,Gustavus,Gustavus,"Gustavus, Theodora, William: The G&K civs that are easier to befriend, they like to play a bit taller and tend to peacefully build wonders which makes them good neighbors."
civfanatics_favorite_hated,civfan_user_13,1.0,Theodora,Theodora,"Gustavus, Theodora, William: The G&K civs that are easier to befriend, they like to play a bit taller and tend to peacefully build wonders which makes them good neighbors."
civfanatics_favorite_hated,civfan_user_13,1.0,William,William,"Gustavus, Theodora, William: The G&K civs that are easier to befriend, they like to play a bit taller and tend to peacefully build wonders which makes them good neighbors."
civfanatics_favorite_hated,civfan_user_13,1.0,Genghis Khan,GenghisKhan,"Genghis Khan: I never have trouble with him, too bad the rest of the world always hates him for attacking city-states which usually means he doesn't last very long."
civfanatics_favorite_hated,civfan_user_13,1.0,Augustus,Augustus,Augustus: I just get him so often my games and hes always impossible to get along with. I also can't stand his music and civ colors.
civfanatics_favorite_hated,civfan_user_13,1.0,Haile Selassie,Selassie,Haile Selassie: Impossible to have a religion near him. Other religion based civs sometimes forget about it entirely but the stele guarantees that Haile will get one and be extremely obnoxious about spreading it around.
civfanatics_favorite_hated,civfan_user_13,1.0,Attila,Attila,"Attila: He's another one that I seem to get in my games all the time and probably the most annoying/dangerous in the early game. Monty and Shaka at least have some endearing qualities about them, Attila is just obnoxious."
civfanatics_favorite_hated,civfan_user_13,1.0,Monty,Montezuma,"Monty and Shaka at least have some endearing qualities about them, Attila is just obnoxious."
civfanatics_favorite_hated,civfan_user_13,1.0,Shaka,Shaka,"Monty and Shaka at least have some endearing qualities about them, Attila is just obnoxious."
civfanatics_favorite_hated,civfan_user_14,1.0,William,William,"Other than the 5% of the time that he goes nuts and decides he should have Montezuma's personality during the first 50 turns, the other 95% he is a bro among bros. Doubly so because he's one AI I never have to take the Research Agreements to, because he'll bring them to me the turn they're available."
civfanatics_favorite_hated,civfan_user_14,1.0,Theodora,Theodora,"Is always willing to be allies with the player seemingly every game, and doesn't even get too nuts (compared to other religious civs at least) when you have/spread a religion near her."
civfanatics_favorite_hated,civfan_user_14,1.0,Montezuma,Montezuma,"Say what you will about the guy, but he's consistent, and putting on a show every time you see him."
civfanatics_favorite_hated,civfan_user_14,1.0,Genghis,GenghisKhan,"Dear Temujin, I appreciate that you always at least try to be friendly, but I'd really like to occasionally have a CS ally without you deciding to bully them as often as possible, if not outright kill them."
civfanatics_favorite_hated,civfan_user_14,1.0,Bismark,Bismark,"Easily the most reasonable of the ""warmongers"", and I haven't seen him hold a grudge often, but dear gods, does his Chronic Backstabbing Syndrome tend to flare up so often."
civfanatics_favorite_hated,civfan_user_14,1.0,Catherine,Catherine,"Also fairly reasonable, if not outright pleasant to play alongside... until you get past the first 100 turns. Once her drive to spam 20 cities out with accompaniment from 3-4 dozen horse units sets in however, her personality can't make up for the nuisance she can become."
civfanatics_favorite_hated,civfan_user_14,1.0,Gandhi,Gandhi,"The absolute most fickle personality in the game. No matter what you are doing, you WILL be denounced and harassed throughout the game."
civfanatics_favorite_hated,civfan_user_14,1.0,Hiawatha,Hiawatha,"See the comment about why Cathy gets some hate to go with the love, only replace ""goes crazy and spammy after turn 100"" with ""goes crazy and spammy after turn 2."""
civfanatics_favorite_hated,civfan_user_14,1.0,Haile Selassie,Selassie,"He probably wouldn't be so bad if I wanted to play a game where I never got a religion. Or never built wonders. Or never tried to ally CSes. Actually, he probably still would be."
civfanatics_favorite_hated,civfan_user_15,1.0,Ramesses II,Ramesses,"The only AIs I really hate are the warmongers who also hate warmongers, like Rammy and Haile Selassie. I don't like Rammy doing a suprise atttack with nasephants and then denouncing me after he loses."
civfanatics_favorite_hated,civfan_user_15,1.0,Haile Selassie,Selassie,"The only AIs I really hate are the warmongers who also hate warmongers, like Rammy and Haile Selassie."
civfanatics_favorite_hated,civfan_user_15,1.0,Montezuma,Montezuma,I like the honest warmongers like Montezuma or Shaka because you know they're gonna attack and you can prepare for it and they won't hold grudges after you wipe out their forces.
civfanatics_favorite_hated,civfan_user_15,1.0,Shaka,Shaka,I like the honest warmongers like Montezuma or Shaka because you know they're gonna attack and you can prepare for it and they won't hold grudges after you wipe out their forces.
civfanatics_favorite_hated,civfan_user_15,1.0,Pachacuti,Pachacuti,"Pachacuti has really annoying forward-settling + ""you're expanding too close to us"" routine."
civfanatics_favorite_hated,civfan_user_17,1.0,William,William,"Other than the 5% of the time that he goes nuts and decides he should have Montezuma's personality during the first 50 turns, the other 95% he is a bro among bros. Asks for DoF, turns Guarded on the same turn for no reason, then starts begging for luxuries and gold, ala Siam."
civfanatics_favorite_hated,civfan_user_17,1.0,Theodora,Theodora,"Is always willing to be allies with the player seemingly every game, and doesn't even get too nuts (compared to other religious civs at least) when you have/spread a religion near her. Thea is good friend to have around - I've never seen her backstab, though she's too passive and rarely does anything useful except being pushed around."
civfanatics_favorite_hated,civfan_user_17,1.0,Montezuma,Montezuma,"Say what you will about the guy, but he's consistent, and putting on a show every time you see him. Can't be pain, but it's good thing that he is very forgiving - you can have ten wars one after another and he'll still ask you to be friends after that."
civfanatics_favorite_hated,civfan_user_17,1.0,Catherine,Catherine,Cathy either wants to kill you or stays trusted friend until the end.
civfanatics_favorite_hated,civfan_user_17,1.0,Augustus,Augustus,"He's either very loyal or backstabs - the size of your army and how far you two are from each other seems to be the factor. If you're far away and he's busy with others, he will be loyal friend."
civfanatics_favorite_hated,civfan_user_17,1.0,Nebuchadnezzar,Nebuchadnezzar,He's usually one of the most guarded AIs toward me (along with Egypt) and hard to make any progress with... and don't you dare build one wonder he wants. He'll denounce and denounce and denounce.
civfanatics_favorite_hated,civfan_user_17,1.0,Askia,Askia,"Backstabber, hates warmongers even when he's (unsuccessfully) trying to take over the world... and he's often suicidal, always picks up a fight with Attila, Shaka or Oda and gets obliterated."
civfanatics_favorite_hated,civfan_user_17,1.0,Gandhi,Gandhi,"If he's my neighbour, I know he will be good trade partner, will not expend beside 3-4 cities, and won't attack me whenever he can. His wonder hog can be bit too much tho, because he'll build every single one of cultural wonders due to his 50 pop cities."
civfanatics_favorite_hated,civfan_user_20,1.0,Dido,Dido,"She can be nasty at times, but Queen Dildo is a worthy ally if you get on her good side."
civfanatics_most_annoying,civfan_user_0,1.0,Alexander,Alexander,"Alexander acts like such a pissy brat, the lines Firaxis game him to say do not help, his spontaneous declarations of war and hyper-aggressive behavior make him the schoolyard bully of this game. Plus he kinda looks like Ken from the Barbie line."
civfanatics_most_annoying,civfan_user_0,1.0,Augustus,Augustus,"Augustus has backstabbed me so many times it puts Brutus to shame. First he declares war on me when I'm engaged against someone else (most likely Alexander) and when I finally manage to beat back his offensive he goes all ""Friendly"" and falls over himself offering Declarations of Friendship. The declaration is signed, and as soon as I get into another war he again attacks me on the other side of the map."
civfanatics_most_annoying,civfan_user_0,1.0,Washington,Washington,"As for Washington, it's always the same story. I'm off picking cotton in my small peaceful empire and he shows up and states ""Your wanton aggression leaves me no choice..."" and then attacks me in an expansionist frenzy."
civfanatics_most_annoying,civfan_user_1,1.0,Bismarck,Bismark,"Bismark and Augustus. they vex me more than the others. plenty are irrational and random, but they seem to be in my games more than any other civ when the settings are random civs."
civfanatics_most_annoying,civfan_user_1,1.0,Augustus,Augustus,"Bismark and Augustus. they vex me more than the others. plenty are irrational and random, but they seem to be in my games more than any other civ when the settings are random civs."
civfanatics_most_annoying,civfan_user_1,1.0,Nebuchadnezzar,Nebuchadnezzar,"i also play as babylon often, but when i dont and babylon is one of my opponents it's always a little off-putting. he isnt pleasant to deal with either."
civfanatics_most_annoying,civfan_user_2,1.0,Alexander,Alexander,He has never been friendly to me and he always tries to DOW as many civs as possible with little success. In most of my games he ends up being a citystate that owns 1-2 cities (definitely not Athens and Sparta) on some location full of desert or tundra since he gets wiped off by other AIs. He still keeps yelling his inslults to me from there though.
civfanatics_most_annoying,civfan_user_2,1.0,Elisabeth,Elizabeth,"Elisabeth is also somebody that I'm never able to please. Usually I don't meet her until quite late in the game and then she turns out to be hostile almost immediately. Unlike Alexander, she usually manages to build a quite succesful empire with a few puppeted cities."
civfanatics_most_annoying,civfan_user_2,1.0,Gandhi,Gandhi,The reason for me to dislike Gandhi is his overly peaceful way of speaking. He is always mad at me since there are few games where I don't DOW any AI civs and keeps insulting me a lot despite of having only 1-3 cities himself. Usually I see him getting wiped out by the other civs as well but he always manages to build a group of cities to some forgotten place where nobody cares about him.
civfanatics_most_annoying,civfan_user_2,1.0,Ramses,Ramesses,"Ramses only annoys me if I build a lot of wonders and get him angry. By the way, he is also one of those that tends to get wiped off by the other AI civs."
civfanatics_most_annoying,civfan_user_3,1.0,Elisabeth,Elizabeth,Elisabeth can never be pleased and likes to backstab me.
civfanatics_most_annoying,civfan_user_3,1.0,Alexander,Alexander,"Alexander god, wish I could have a stable friendship with him for once. On high levels Deity/immortal I almost always try to bribe him into war or others into war with him. Alexander is so hyper aggresive it isnt funny."
civfanatics_most_annoying,civfan_user_5,1.0,Gandhi,Gandhi,Ghandi for being an ass
civfanatics_most_annoying,civfan_user_5,1.0,Ramkhamhaeng,Ramkhamhaeng,"Ramkhamhaeng, I trusted him once..."
civfanatics_most_annoying,civfan_user_8,1.0,Wu Zetian,WuZetian,"China. I hate her. She is such, a stuck up little brat who can't prove crap on the battlefield."
civfanatics_most_annoying,civfan_user_8,1.0,Montezuma,Montezuma,"After her, I'd say Monty, but he is quite enjoyable when he gets way over his ahead and says he's afraid of me."
civfanatics_most_annoying,civfan_user_9,1.0,Ottomans,Suleiman,"The Ottomans. I always get DoWed by them early on, even though they never actually do any damage. They're attempting to be opportunistic early on, but it never seems to work out for them."
civfanatics_most_annoying,civfan_user_11,1.0,Washington,Washington,Washington Hey I am a person who hates warmongers but also conqueres a lot of cities or worse my hole continent
civfanatics_most_annoying,civfan_user_11,1.0,Siam,Ramkhamhaeng,Same with Siam You are a warmonger but siam dude you just killed the ottomans
civfanatics_most_annoying,civfan_user_12,1.0,Gandhi,Gandhi,"Ghandi because in one game I was friendly with him, returned his worker, and generally didn't do anything to tick him off, then he nuked the tar out of me in the name of victory! Ghandi has a low flavour for victory, but his flavour for nukes is so overwhelming that he, evidently, made an exception. Civ 5's Ghandi is the only guy with the patience to wait 6000 years before doing so."
civfanatics_most_annoying,civfan_user_12,1.0,Ramses,Ramesses,"Ramses wins the silver because of his runaway AI tendency. I've played about 3 continents games, and in 2 of them he took over an entire continent of AIs."
civfanatics_most_annoying,civfan_user_17,1.0,Elizabeth,Elizabeth,Elizabeth and Bismarck hate me the most.
civfanatics_most_annoying,civfan_user_17,1.0,Bismarck,Bismark,Elizabeth and Bismarck hate me the most.
civfanatics_most_annoying,civfan_user_18,1.0,Babylon,Nebuchadnezzar,Babylon annoys me the most because of his walls of Babylon. They make it so much harder to take him out early on.
civfanatics_most_annoying,civfan_user_20,1.0,Elizabeth,Elizabeth,"Elizabeth. Basically never friendly, and always an annoyance to deal with."
civfanatics_most_annoying,civfan_user_20,1.0,Alexander,Alexander,"I also really dislike the Civs who buy out every single city state, particularly when it's too early on for me to be able to afford to compete. Greece loves to do this."
civfanatics_most_annoying,civfan_user_20,1.0,Napoleon,Napoleon,"I also really dislike the Civs who buy out every single city state, particularly when it's too early on for me to be able to afford to compete. France too."
civfanatics_most_annoying,civfan_user_21,1.0,Elizabeth,Elizabeth,"Elizabeth. Basically never friendly, and always an annoyance to deal with."
civfanatics_most_annoying,civfan_user_21,1.0,Greece,Alexander,Greece loves to do this
civfanatics_most_annoying,civfan_user_21,1.0,France,Napoleon,France too
civfanatics_most_annoying,civfan_user_21,1.0,Catherine,Catherine,then suddenly in the renaissance catherine spend some gold on the city states and become the ally I steal it back because I was from me all allong in the game. Then SHe comes to me I see you're relationships with sydney And I am like dude you just stole it from me?
civfanatics_most_annoying,civfan_user_22,1.0,Elizabeth,Elizabeth,"Recently it's been Elizabeth, who has been building the Great Wall, and then using Longbows against me from three spaces away as I slog through her territory So last time I encountered her I rushed and wiped her out, just for the fun of it."
civfanatics_most_annoying,civfan_user_24,1.0,China,WuZetian,Especially China in the Korea scenario.
civfanatics_most_annoying,civfan_user_26,1.0,Hiawatha,Hiawatha,"Freaking Hiawata, so many times where the idiot gets lucky and spawns on his own continent, forcing me to go for an overseas invasion, and because he always goes science without a really dumb focus (mostly meelee and siege in my experience) he's usually just behind me in army tech. Not to mention that he looks like a moron, not even a proper Indian chief, just some random scout with bad hair."
civfanatics_most_annoying,civfan_user_26,1.0,Catherine,Catherine,"Second definitely Cathy, queen of spam, wasted so much time cleaning up her 1 pop tundra hovels. At least she looks nice though, and the only one with some cleavage, interesting how they turned Izzy into a supermodel but did not bother with much sex appeal, might as well have gone for a historically accurate depiction then."
civfanatics_most_annoying,civfan_user_26,1.0,Isabella,Isabella,"interesting how they turned Izzy into a supermodel but did not bother with much sex appeal, might as well have gone for a historically accurate depiction then."
civfanatics_most_annoying,civfan_user_26,1.0,Elizabeth,Elizabeth,"Lizzy is just scary, that voice, that hair, ugh..."
civfanatics_most_annoying,civfan_user_27,1.0,Ottomans,Suleiman,"The Ottomans annoy me the most. They DoW from across the continent for no reason, with no chance of victory. Half the time I never see any of their units, then they ask for everything I have."
civfanatics_strongest_ai,civfan_user_0,1.0,Shaka,Shaka,"Shaka, who tends to fall behind technologically after the medieval no matter how many people he kills... He also earns the ire of the world and subsequently gets gangbanged, leaving him with little actual opportunity to win games as an AI."
civfanatics_strongest_ai,civfan_user_0,1.0,Alex,Alexander,"Alex because he will have a dangerous army from start to finish, but he won't fall behind on science or policies either because of his UA and the AI's tendency to spam buy city states to support its city growth for science and culture. Not to mention he will always have a giant military, and he will always have oil for airplanes. A huge threat to diplomacy and domination victory, not to mention not a neighbour you want to spawn beside."
civfanatics_strongest_ai,civfan_user_0,1.0,Darius,Darius,"Darius, despite not being a heavy warmonger and oft times going tradition, is ridiculously good at it. He will skyrocket ahead of the competition in production (AI gets more happiness AND golden ages), science, policies, and wonders, and become an extremely dangerous opponent whether or not you decide to go to war with him. He will pose a threat to both cultural and science victories (I've seen him go rationalism way too often) if not taken care of quickly."
civfanatics_strongest_ai,civfan_user_0,1.0,Catherine,Catherine,"Catherine has massive production boosts, and the AI tends to use that production for more settlers, army, and wonders. Not only that, but despite her city spamming tendencies she somehow keeps very strong on the science side, on top of oft times maintaining a considerable military presence. The UA does tend to fall off a bit during the late game, however, but a strong early game usually translates to a snowballing unbeatable position, which unless the Catherine AI decided to go piety, she will usually get."
civfanatics_strongest_ai,civfan_user_0,1.0,Attila,Attila,"Atilla, in particular, is infamous for this: It will destroy neighbouring AIs in the early game but burn their cities, making their conquests essentially fruitless in the long run. Eventually other people start settling where those cities were while Atilla keeps making armies, and Atilla quickly becomes irrelevant."
civfanatics_strongest_ai,civfan_user_0,1.0,Dido,Dido,"The problem with them is that they tend to fall off in the mid-late game and become irrelevant because they spent the entire early game focusing on military rather than infrastructure or science, and they themselves and very little chance of actually winning the game as a whole."
civfanatics_strongest_ai,civfan_user_1,1.0,Catherine,Catherine,"Usually Cathy, Sejong are good candidate for that."
civfanatics_strongest_ai,civfan_user_1,1.0,Sejong,Sejong,"Usually Cathy, Sejong are good candidate for that."
civfanatics_strongest_ai,civfan_user_1,1.0,Maria Theresa,Maria,"If culture civs such as Maria, Napoleon, Ramses, Pedro, Kamehameha gets going with rationalism, they can also get pretty far ahead if they beeline internet."
civfanatics_strongest_ai,civfan_user_1,1.0,Napoleon,Napoleon,"If culture civs such as Maria, Napoleon, Ramses, Pedro, Kamehameha gets going with rationalism, they can also get pretty far ahead if they beeline internet."
civfanatics_strongest_ai,civfan_user_1,1.0,Ramesses,Ramesses,"If culture civs such as Maria, Napoleon, Ramses, Pedro, Kamehameha gets going with rationalism, they can also get pretty far ahead if they beeline internet."
civfanatics_strongest_ai,civfan_user_1,1.0,Pedro,Pedro,"If culture civs such as Maria, Napoleon, Ramses, Pedro, Kamehameha gets going with rationalism, they can also get pretty far ahead if they beeline internet."
civfanatics_strongest_ai,civfan_user_1,1.0,Kamehameha,Kamehameha,"If culture civs such as Maria, Napoleon, Ramses, Pedro, Kamehameha gets going with rationalism, they can also get pretty far ahead if they beeline internet."
civfanatics_strongest_ai,civfan_user_1,1.0,Alexander,Alexander,"And of course Alex, can win diplo if he really tries for it, which is rare, but happens."
civfanatics_strongest_ai,civfan_user_2,1.0,Attila,Attila,attila can run away with the game if he conquers enough capitals
civfanatics_strongest_ai,civfan_user_2,1.0,Alexander,Alexander,alex is always allied with every city state and their mother
civfanatics_strongest_ai,civfan_user_2,1.0,Washington,Washington,america just magically comes out ahead nearly every game i see them for some reason
civfanatics_strongest_ai,civfan_user_3,1.0,Egypt,Ramesses,"Egypt, their natural wonder mongering coupled with Tradition makes them a nice tall civ really frequently."
civfanatics_strongest_ai,civfan_user_3,1.0,Greece,Alexander,"Greece, Japan, Zulus as well"
civfanatics_strongest_ai,civfan_user_3,1.0,Japan,OdaNobunaga,"Greece, Japan, Zulus as well"
civfanatics_strongest_ai,civfan_user_3,1.0,Zulus,Shaka,"Greece, Japan, Zulus as well"
civfanatics_strongest_ai,civfan_user_4,1.0,Shoshone,Pocatello,"Shoshone is the most competent AI in my experience. Expansionism + rationalism = fast, powerful wins."
civfanatics_strongest_ai,civfan_user_4,1.0,Korea,Sejong,"Korea CAN be really good, but since the Piety patch, he's a shadow of his former self. He used to go Tradition, Patronage, Rationalism and win very effectively."
civfanatics_strongest_ai,civfan_user_6,1.0,Poca,Pocatello,"yeah, Poca is one of the few AIs who does go Rationalism often"
civfanatics_strongest_ai,civfan_user_7,1.0,Alex,Alexander,alex is always allied with every city state and their mother
civfanatics_strongest_ai,civfan_user_7,1.0,Attila,Attila,attila can run away with the game if he conquers enough capitals
civfanatics_strongest_ai,civfan_user_7,1.0,America,Washington,america just magically comes out ahead nearly every game i see them for some reason
civfanatics_strongest_ai,civfan_user_8,1.0,Alexander,Alexander,Alexander is the strongest AI. And to prevent him from getting out of control I've reduced the amount of city-states.
civfanatics_strongest_ai,civfan_user_9,1.0,Alexander,Alexander,"In my games, Alex, Cathy and Bismarck are perennial runaways."
civfanatics_strongest_ai,civfan_user_9,1.0,Catherine,Catherine,"In my games, Alex, Cathy and Bismarck are perennial runaways. (Cathy is the AI I simultaneously dread and respect the most)"
civfanatics_strongest_ai,civfan_user_9,1.0,Bismarck,Bismark,"In my games, Alex, Cathy and Bismarck are perennial runaways."
civfanatics_strongest_ai,civfan_user_9,1.0,Casimir,Casimir,"Casimir, Pocatello and Suleiman are less frequently runaways, but they seem to always be at least relevant."
civfanatics_strongest_ai,civfan_user_9,1.0,Pocatello,Pocatello,"Casimir, Pocatello and Suleiman are less frequently runaways, but they seem to always be at least relevant."
civfanatics_strongest_ai,civfan_user_9,1.0,Suleiman,Suleiman,"Casimir, Pocatello and Suleiman are less frequently runaways, but they seem to always be at least relevant."
civfanatics_strongest_ai,civfan_user_10,1.0,Germany,Bismark,"Germany, always settling everything, a 1 tile spot between your borders, you bet he's settling that, then he builds loads of units to protect all of his small cities, even the small ones starving on some island at one of the poles."
civfanatics_strongest_ai,civfan_user_11,1.0,Germany,Bismark,"Germany, always settling everything, a 1 tile spot between your borders, you bet he's settling that, then he builds loads of units to protect all of his small cities, even the small ones starving on some island at one of the poles."
civfanatics_strongest_ai,civfan_user_12,1.0,Hiawatha,Hiawatha,Seen it happen once on civ5 and that was hiawatha during gods n kings. It was the only time I was truly scared.
civfanatics_strongest_ai,civfan_user_12,1.0,Caesar,Augustus,"Except for one time where Caesar on Prince during vanilla civ5 somehow became a runaway and soared ahead on tech despite suffering tons of unhappiness from conquering so many cities in incredible short span of time. Caesar was coming at me like starving maniac with -33% combat effectiveness on all his units and wiping out civs left and right, and in my neighbor alone I was bordered by six civs and he killed them all. I even had atomic bombs thrown at me."
civfanatics_strongest_ai,civfan_user_14,1.0,Russia,Catherine,"Russia never threatens a victory condition in my games. She usually has an early rise through the power rankings (but as we all know, high score doesn't equal a win, unless time runs out.) Then she always seems to plateau."
civfanatics_strongest_ai,civfan_user_14,1.0,Babylon,Nebuchadnezzar,"Babylon and Korea are the worst for me. Whenever I see them in the game, I shift focus to ""which VC can I achieve before Neb/Sejong can build a spaceship"""
civfanatics_strongest_ai,civfan_user_14,1.0,Korea,Sejong,"Babylon and Korea are the worst for me. Whenever I see them in the game, I shift focus to ""which VC can I achieve before Neb/Sejong can build a spaceship"""
civfanatics_strongest_ai,civfan_user_14,1.0,Mongolia,GenghisKhan,"As far as warmongerers, I've found Mongolia to be the only one who can consistently convert his conquests into a chance at a victory condition."
civfanatics_strongest_ai,civfan_user_14,1.0,Alex,Alexander,"Alex also, but I don't consider him to be a true warmongerer. He plays into the diplomacy game heavily, likes to denounce and harass, and will declare war when he has a substantial advantage, but it's seldom that I see a puppetted or annexed Greek city."
civfanatics_strongest_ai,civfan_user_14,1.0,Zulu,Shaka,"puppets or annexes under the banner of Mongolia, Zulu, Huns, or Assyria are much more common in my games."
civfanatics_strongest_ai,civfan_user_14,1.0,Huns,Attila,"puppets or annexes under the banner of Mongolia, Zulu, Huns, or Assyria are much more common in my games."
civfanatics_strongest_ai,civfan_user_14,1.0,Assyria,Ashurbanipal,"puppets or annexes under the banner of Mongolia, Zulu, Huns, or Assyria are much more common in my games."
civfanatics_strongest_ai,civfan_user_14,1.0,Rome,Augustus,"Others that I've found to really compete are Rome, Poland, Ethiopia, Siam, Arabia, and the Iroquois"
civfanatics_strongest_ai,civfan_user_14,1.0,Poland,Casimir,"Others that I've found to really compete are Rome, Poland, Ethiopia, Siam, Arabia, and the Iroquois"
civfanatics_strongest_ai,civfan_user_14,1.0,Ethiopia,Selassie,"Others that I've found to really compete are Rome, Poland, Ethiopia, Siam, Arabia, and the Iroquois"
civfanatics_strongest_ai,civfan_user_14,1.0,Siam,Ramkhamhaeng,"Others that I've found to really compete are Rome, Poland, Ethiopia, Siam, Arabia, and the Iroquois"
civfanatics_strongest_ai,civfan_user_14,1.0,Arabia,HarunAlRashid,"Others that I've found to really compete are Rome, Poland, Ethiopia, Siam, Arabia, and the Iroquois"
civfanatics_strongest_ai,civfan_user_14,1.0,Iroquois,Hiawatha,"Others that I've found to really compete are Rome, Poland, Ethiopia, Siam, Arabia, and the Iroquois (though Hiawatha hasn't been doing as well as he used to, before some patches.)"
civfanatics_strongest_ai,civfan_user_14,1.0,Venice,EnricoDandolo,I don't know how Venice would fare in the games where he does a little better because I always take his capital when it becomes juicy enough.
civfanatics_strongest_ai,civfan_user_15,1.0,Gandhi,Gandhi,NUCLEAR GHANDI!!!
civfanatics_strongest_ai,civfan_user_16,1.0,Arabia,HarunAlRashid,"it's rare i see them in a game not completely dominating the science game renaissance and beyond, even if they're less relevant early."
civfanatics_strongest_ai,civfan_user_16,1.0,Poland,Casimir,"poland, iroquois and the zulu are also heavy hitters"
civfanatics_strongest_ai,civfan_user_16,1.0,Iroquois,Hiawatha,"poland, iroquois and the zulu are also heavy hitters"
civfanatics_strongest_ai,civfan_user_16,1.0,Zulu,Shaka,"poland, iroquois and the zulu are also heavy hitters"
civfanatics_strongest_ai,civfan_user_17,1.0,Zulu,Shaka,"Zulu are certainly the worst neighbor in the game, but have you seem them actually contest for a victory condition? Threatening to wipe me out, sure, almost every game. But as far as achieving either diplomatic, cultural, domination, or spaceship victory, I've never seen him come close."
civfanatics_strongest_ai,civfan_user_18,1.0,Shaka,Shaka,"Zulu are certainly the worst neighbor in the game, but have you seem them actually contest for a victory condition? Threatening to wipe me out, sure, almost every game. But as far as achieving either diplomatic, cultural, domination, or spaceship victory, I've never seen him come close."
civfanatics_strongest_ai,civfan_user_18,1.0,Theodora,Theodora,"However, Theodora is coming to kick your face in... ...hail the Byzantine space victory! I mean, is there a more consistent runaway than Byzantium?"
civfanatics_strongest_ai,civfan_user_21,1.0,Sweden,Gustavus,I had a game last night where Sweden forward settled a city two tiles away from my borders. He was trying to get the two salt that I was waiting for my second city to expand to (I had settled it a few turns earlier). Out of nowhere he appeared and settled.
